year,week_num,report_week_label,county_key,county_name,fips,cumul_positive_pools,cumul_avian,cumul_veterinary,cumul_sentinel_chk,cumul_wnv_fever,cumul_wnv_neuro,pools_tested,positive_pools,infection_rate,source,source_note,cumul_positive_pools_prev
2017,24,Week24,Dallas_TX,"Dallas County, TX",48113,1,32,0,33,0,0,,1,,DSHS_TX_PDF,Cumulative season totals — use _diff_cumulative() for weekly counts.,0
2017,25,Week25,Dallas_TX,"Dallas County, TX",48113,1,38,0,39,0,0,,0,,DSHS_TX_PDF,Cumulative season totals — use _diff_cumulative() for weekly counts.,1
2017,26,Week26,Dallas_TX,"Dallas County, TX",48113,2,61,0,63,0,0,,1,,DSHS_TX_PDF,Cumulative season totals — use _diff_cumulative() for weekly counts.,1
2017,27,Week27,Dallas_TX,"Dallas County, TX",48113,2,62,0,64,0,0,,0,,DSHS_TX_PDF,Cumulative season totals — use _diff_cumulative() for weekly counts.,2
2017,28,Week28,Dallas_TX,"Dallas County, TX",48113,2,103,0,105,0,0,,0,,DSHS_TX_PDF,Cumulative season totals — use _diff_cumulative() for weekly counts.,2
2017,29,Week29,Dallas_TX,"Dallas County, TX",48113,2,152,1,1,155,0,,0,,DSHS_TX_PDF,Cumulative season totals — use _diff_cumulative() for weekly counts.,2
2017,30,Week30,Dallas_TX,"Dallas County, TX",48113,1,2,181,1,1,2,,0,,DSHS_TX_PDF,Cumulative season totals — use _diff_cumulative() for weekly counts.,2
2017,31,Week31,Dallas_TX,"Dallas County, TX",48113,1,2,224,2,3,5,,0,,DSHS_TX_PDF,Cumulative season totals — use _diff_cumulative() for weekly counts.,1
2017,32,Week32,Dallas_TX,"Dallas County, TX",48113,1,2,259,4,4,1,,0,,DSHS_TX_PDF,Cumulative season totals — use _diff_cumulative() for weekly counts.,1
2017,33,Week33,Dallas_TX,"Dallas County, TX",48113,1,4,291,5,4,1,,0,,DSHS_TX_PDF,Cumulative season totals — use _diff_cumulative() for weekly counts.,1
2017,34,Week34,Dallas_TX,"Dallas County, TX",48113,1,4,320,8,5,2,,0,,DSHS_TX_PDF,Cumulative season totals — use _diff_cumulative() for weekly counts.,1
2017,35,Week35,Dallas_TX,"Dallas County, TX",48113,1,4,338,8,5,2,,0,,DSHS_TX_PDF,Cumulative season totals — use _diff_cumulative() for weekly counts.,1
2017,36,Week36,Dallas_TX,"Dallas County, TX",48113,1,4,343,10,7,2,,0,,DSHS_TX_PDF,Cumulative season totals — use _diff_cumulative() for weekly counts.,1
2017,37,Week37,Dallas_TX,"Dallas County, TX",48113,1,4,343,10,7,2,,0,,DSHS_TX_PDF,Cumulative season totals — use _diff_cumulative() for weekly counts.,1
2017,38,Week38,Dallas_TX,"Dallas County, TX",48113,1,4,359,10,9,2,,0,,DSHS_TX_PDF,Cumulative season totals — use _diff_cumulative() for weekly counts.,1
2017,39,Week39,Dallas_TX,"Dallas County, TX",48113,1,4,364,10,10,2,,0,,DSHS_TX_PDF,Cumulative season totals — use _diff_cumulative() for weekly counts.,1
2017,40,Week40,Dallas_TX,"Dallas County, TX",48113,1,4,372,11,12,2,,0,,DSHS_TX_PDF,Cumulative season totals — use _diff_cumulative() for weekly counts.,1
2017,41,Week41,Dallas_TX,"Dallas County, TX",48113,1,5,380,11,12,2,,0,,DSHS_TX_PDF,Cumulative season totals — use _diff_cumulative() for weekly counts.,1
2017,42,Week42,Dallas_TX,"Dallas County, TX",48113,1,5,383,11,14,2,,0,,DSHS_TX_PDF,Cumulative season totals — use _diff_cumulative() for weekly counts.,1
2017,43,Week43,Dallas_TX,"Dallas County, TX",48113,1,5,386,11,14,2,,0,,DSHS_TX_PDF,Cumulative season totals — use _diff_cumulative() for weekly counts.,1
2017,44,Week44,Dallas_TX,"Dallas County, TX",48113,1,5,389,11,14,2,,0,,DSHS_TX_PDF,Cumulative season totals — use _diff_cumulative() for weekly counts.,1
2017,45,Week45,Dallas_TX,"Dallas County, TX",48113,1,5,389,11,14,2,,0,,DSHS_TX_PDF,Cumulative season totals — use _diff_cumulative() for weekly counts.,1
2017,46,Week46,Dallas_TX,"Dallas County, TX",48113,1,10,389,11,15,2,,0,,DSHS_TX_PDF,Cumulative season totals — use _diff_cumulative() for weekly counts.,1
2017,47,Week47,Dallas_TX,"Dallas County, TX",48113,1,10,389,11,15,2,,0,,DSHS_TX_PDF,Cumulative season totals — use _diff_cumulative() for weekly counts.,1
2017,48,Week48,Dallas_TX,"Dallas County, TX",48113,1,10,389,11,15,2,,0,,DSHS_TX_PDF,Cumulative season totals — use _diff_cumulative() for weekly counts.,1
2017,49,Week49,Dallas_TX,"Dallas County, TX",48113,1,10,389,11,15,2,,0,,DSHS_TX_PDF,Cumulative season totals — use _diff_cumulative() for weekly counts.,1
2017,50,Week50,Dallas_TX,"Dallas County, TX",48113,2,11,389,11,15,2,,1,,DSHS_TX_PDF,Cumulative season totals — use _diff_cumulative() for weekly counts.,1
2017,51,Week51,Dallas_TX,"Dallas County, TX",48113,2,11,389,11,15,2,,0,,DSHS_TX_PDF,Cumulative season totals — use _diff_cumulative() for weekly counts.,2
2017,52,Week52,Dallas_TX,"Dallas County, TX",48113,2,11,389,11,15,2,,0,,DSHS_TX_PDF,Cumulative season totals — use _diff_cumulative() for weekly counts.,2
2018,0,Week00,Dallas_TX,"Dallas County, TX",48113,107,4,4,111,0,0,,107,,DSHS_TX_PDF,Cumulative season totals — use _diff_cumulative() for weekly counts.,0
2018,0,Week00,Dallas_TX,"Dallas County, TX",48113,43,2,2,45,0,0,,0,,DSHS_TX_PDF,Cumulative season totals — use _diff_cumulative() for weekly counts.,107
2018,0,Week00,Dallas_TX,"Dallas County, TX",48113,30,1,1,31,0,0,,0,,DSHS_TX_PDF,Cumulative season totals — use _diff_cumulative() for weekly counts.,43
2018,0,Week00,Dallas_TX,"Dallas County, TX",48113,21,21,0,0,0,0,,0,,DSHS_TX_PDF,Cumulative season totals — use _diff_cumulative() for weekly counts.,30
2018,0,Week00,Dallas_TX,"Dallas County, TX",48113,15,15,0,0,0,0,,0,,DSHS_TX_PDF,Cumulative season totals — use _diff_cumulative() for weekly counts.,21
2018,0,Week00,Dallas_TX,"Dallas County, TX",48113,12,12,0,0,0,0,,0,,DSHS_TX_PDF,Cumulative season totals — use _diff_cumulative() for weekly counts.,15
2018,23,Week23,Dallas_TX,"Dallas County, TX",48113,2,2,0,0,0,0,,0,,DSHS_TX_PDF,Cumulative season totals — use _diff_cumulative() for weekly counts.,12
2018,24,Week24,Dallas_TX,"Dallas County, TX",48113,5,5,0,0,0,0,,3,,DSHS_TX_PDF,Cumulative season totals — use _diff_cumulative() for weekly counts.,2
2018,30,Week30,Dallas_TX,"Dallas County, TX",48113,49,2,2,51,0,0,,44,,DSHS_TX_PDF,Cumulative season totals — use _diff_cumulative() for weekly counts.,5
2018,31,Week31,Dallas_TX,"Dallas County, TX",48113,49,2,2,51,0,0,,0,,DSHS_TX_PDF,Cumulative season totals — use _diff_cumulative() for weekly counts.,49
2018,32,Week32,Dallas_TX,"Dallas County, TX",48113,86,4,4,90,0,0,,37,,DSHS_TX_PDF,Cumulative season totals — use _diff_cumulative() for weekly counts.,49
2018,34,Week34,Dallas_TX,"Dallas County, TX",48113,107,1,4,5,112,0,,21,,DSHS_TX_PDF,Cumulative season totals — use _diff_cumulative() for weekly counts.,86
2018,35,Week35,Dallas_TX,"Dallas County, TX",48113,1,1,0,0,0,0,,0,,DSHS_TX_PDF,Cumulative season totals — use _diff_cumulative() for weekly counts.,107
2018,36,Week36,Dallas_TX,"Dallas County, TX",48113,1,1,0,0,0,0,,0,,DSHS_TX_PDF,Cumulative season totals — use _diff_cumulative() for weekly counts.,1
2018,37,Week37,Dallas_TX,"Dallas County, TX",48113,2,2,0,0,0,0,,1,,DSHS_TX_PDF,Cumulative season totals — use _diff_cumulative() for weekly counts.,1
2018,38,Week38,Dallas_TX,"Dallas County, TX",48113,2,2,0,0,0,0,,0,,DSHS_TX_PDF,Cumulative season totals — use _diff_cumulative() for weekly counts.,2
2018,39,Week39,Dallas_TX,"Dallas County, TX",48113,2,2,0,0,0,0,,0,,DSHS_TX_PDF,Cumulative season totals — use _diff_cumulative() for weekly counts.,2
2018,40,Week40,Dallas_TX,"Dallas County, TX",48113,2,1,3,0,0,0,,0,,DSHS_TX_PDF,Cumulative season totals — use _diff_cumulative() for weekly counts.,2
2018,41,Week41,Dallas_TX,"Dallas County, TX",48113,2,1,3,0,0,0,,0,,DSHS_TX_PDF,Cumulative season totals — use _diff_cumulative() for weekly counts.,2
2018,42,Week42,Dallas_TX,"Dallas County, TX",48113,2,1,3,0,0,0,,0,,DSHS_TX_PDF,Cumulative season totals — use _diff_cumulative() for weekly counts.,2
2018,43,Week43,Dallas_TX,"Dallas County, TX",48113,2,1,3,0,0,0,,0,,DSHS_TX_PDF,Cumulative season totals — use _diff_cumulative() for weekly counts.,2
2018,44,Week44,Dallas_TX,"Dallas County, TX",48113,2,1,3,0,0,0,,0,,DSHS_TX_PDF,Cumulative season totals — use _diff_cumulative() for weekly counts.,2
2018,45,Week45,Dallas_TX,"Dallas County, TX",48113,2,1,3,0,0,0,,0,,DSHS_TX_PDF,Cumulative season totals — use _diff_cumulative() for weekly counts.,2
2018,46,Week46,Dallas_TX,"Dallas County, TX",48113,2,1,3,0,0,0,,0,,DSHS_TX_PDF,Cumulative season totals — use _diff_cumulative() for weekly counts.,2
2018,47,Week47,Dallas_TX,"Dallas County, TX",48113,2,1,3,0,0,0,,0,,DSHS_TX_PDF,Cumulative season totals — use _diff_cumulative() for weekly counts.,2
2018,48,Week48,Dallas_TX,"Dallas County, TX",48113,2,1,3,0,0,0,,0,,DSHS_TX_PDF,Cumulative season totals — use _diff_cumulative() for weekly counts.,2
2018,49,Week49,Dallas_TX,"Dallas County, TX",48113,2,1,3,0,0,0,,0,,DSHS_TX_PDF,Cumulative season totals — use _diff_cumulative() for weekly counts.,2
2018,50,Week50,Dallas_TX,"Dallas County, TX",48113,2,1,3,0,0,0,,0,,DSHS_TX_PDF,Cumulative season totals — use _diff_cumulative() for weekly counts.,2
2018,51,Week51,Dallas_TX,"Dallas County, TX",48113,2,1,3,0,0,0,,0,,DSHS_TX_PDF,Cumulative season totals — use _diff_cumulative() for weekly counts.,2
2018,52,Week52,Dallas_TX,"Dallas County, TX",48113,2,1,3,0,0,0,,0,,DSHS_TX_PDF,Cumulative season totals — use _diff_cumulative() for weekly counts.,2
2019,5,Week05,Dallas_TX,"Dallas County, TX",48113,1,1,0,0,0,0,,1,,DSHS_TX_PDF,Cumulative season totals — use _diff_cumulative() for weekly counts.,0
2019,6,Week06,Dallas_TX,"Dallas County, TX",48113,1,1,0,0,0,0,,0,,DSHS_TX_PDF,Cumulative season totals — use _diff_cumulative() for weekly counts.,1
2019,7,Week07,Dallas_TX,"Dallas County, TX",48113,1,1,0,0,0,0,,0,,DSHS_TX_PDF,Cumulative season totals — use _diff_cumulative() for weekly counts.,1
2019,8,Week08,Dallas_TX,"Dallas County, TX",48113,1,1,0,0,0,0,,0,,DSHS_TX_PDF,Cumulative season totals — use _diff_cumulative() for weekly counts.,1
2019,9,Week09,Dallas_TX,"Dallas County, TX",48113,1,1,0,0,0,0,,0,,DSHS_TX_PDF,Cumulative season totals — use _diff_cumulative() for weekly counts.,1
2019,10,Week10,Dallas_TX,"Dallas County, TX",48113,1,1,0,0,0,0,,0,,DSHS_TX_PDF,Cumulative season totals — use _diff_cumulative() for weekly counts.,1
2019,11,Week11,Dallas_TX,"Dallas County, TX",48113,1,1,0,0,0,0,,0,,DSHS_TX_PDF,Cumulative season totals — use _diff_cumulative() for weekly counts.,1
2019,12,Week12,Dallas_TX,"Dallas County, TX",48113,1,1,0,0,0,0,,0,,DSHS_TX_PDF,Cumulative season totals — use _diff_cumulative() for weekly counts.,1
2019,13,Week13,Dallas_TX,"Dallas County, TX",48113,1,1,0,0,0,0,,0,,DSHS_TX_PDF,Cumulative season totals — use _diff_cumulative() for weekly counts.,1
2019,14,Week14,Dallas_TX,"Dallas County, TX",48113,1,1,0,0,0,0,,0,,DSHS_TX_PDF,Cumulative season totals — use _diff_cumulative() for weekly counts.,1
2019,15,Week15,Dallas_TX,"Dallas County, TX",48113,1,1,0,0,0,0,,0,,DSHS_TX_PDF,Cumulative season totals — use _diff_cumulative() for weekly counts.,1
2019,16,Week16,Dallas_TX,"Dallas County, TX",48113,1,1,0,0,0,0,,0,,DSHS_TX_PDF,Cumulative season totals — use _diff_cumulative() for weekly counts.,1
2019,17,Week17,Dallas_TX,"Dallas County, TX",48113,1,1,0,0,0,0,,0,,DSHS_TX_PDF,Cumulative season totals — use _diff_cumulative() for weekly counts.,1
2019,19,Week19,Dallas_TX,"Dallas County, TX",48113,1,1,0,0,0,0,,0,,DSHS_TX_PDF,Cumulative season totals — use _diff_cumulative() for weekly counts.,1
2019,20,Week20,Dallas_TX,"Dallas County, TX",48113,2,2,0,0,0,0,,1,,DSHS_TX_PDF,Cumulative season totals — use _diff_cumulative() for weekly counts.,1
2019,21,Week21,Dallas_TX,"Dallas County, TX",48113,2,2,0,0,0,0,,0,,DSHS_TX_PDF,Cumulative season totals — use _diff_cumulative() for weekly counts.,2
2019,22,Week22,Dallas_TX,"Dallas County, TX",48113,2,2,0,0,0,0,,0,,DSHS_TX_PDF,Cumulative season totals — use _diff_cumulative() for weekly counts.,2
2019,23,Week23,Dallas_TX,"Dallas County, TX",48113,2,2,0,0,0,0,,0,,DSHS_TX_PDF,Cumulative season totals — use _diff_cumulative() for weekly counts.,2
2019,24,Week24,Dallas_TX,"Dallas County, TX",48113,2,2,0,0,0,0,,0,,DSHS_TX_PDF,Cumulative season totals — use _diff_cumulative() for weekly counts.,2
2019,25,Week25,Dallas_TX,"Dallas County, TX",48113,2,2,0,0,0,0,,0,,DSHS_TX_PDF,Cumulative season totals — use _diff_cumulative() for weekly counts.,2
2019,26,Week26,Dallas_TX,"Dallas County, TX",48113,2,2,0,0,0,0,,0,,DSHS_TX_PDF,Cumulative season totals — use _diff_cumulative() for weekly counts.,2
2019,27,Week27,Dallas_TX,"Dallas County, TX",48113,2,2,0,0,0,0,,0,,DSHS_TX_PDF,Cumulative season totals — use _diff_cumulative() for weekly counts.,2
2019,28,Week28,Dallas_TX,"Dallas County, TX",48113,2,2,0,0,0,0,,0,,DSHS_TX_PDF,Cumulative season totals — use _diff_cumulative() for weekly counts.,2
2019,29,Week29,Dallas_TX,"Dallas County, TX",48113,2,2,0,0,0,0,,0,,DSHS_TX_PDF,Cumulative season totals — use _diff_cumulative() for weekly counts.,2
2019,30,Week30,Dallas_TX,"Dallas County, TX",48113,2,2,0,0,0,0,,0,,DSHS_TX_PDF,Cumulative season totals — use _diff_cumulative() for weekly counts.,2
2019,31,Week31,Dallas_TX,"Dallas County, TX",48113,2,2,0,0,0,0,,0,,DSHS_TX_PDF,Cumulative season totals — use _diff_cumulative() for weekly counts.,2
2019,32,Week32,Dallas_TX,"Dallas County, TX",48113,2,2,0,0,0,0,,0,,DSHS_TX_PDF,Cumulative season totals — use _diff_cumulative() for weekly counts.,2
2019,33,Week33,Dallas_TX,"Dallas County, TX",48113,3,3,0,0,0,0,,1,,DSHS_TX_PDF,Cumulative season totals — use _diff_cumulative() for weekly counts.,2
2019,34,Week34,Dallas_TX,"Dallas County, TX",48113,3,3,0,0,0,0,,0,,DSHS_TX_PDF,Cumulative season totals — use _diff_cumulative() for weekly counts.,3
2019,35,Week35,Dallas_TX,"Dallas County, TX",48113,4,4,0,0,0,0,,1,,DSHS_TX_PDF,Cumulative season totals — use _diff_cumulative() for weekly counts.,3
2019,36,Week36,Dallas_TX,"Dallas County, TX",48113,4,4,0,0,0,0,,0,,DSHS_TX_PDF,Cumulative season totals — use _diff_cumulative() for weekly counts.,4
2019,37,Week37,Dallas_TX,"Dallas County, TX",48113,5,5,0,0,0,0,,1,,DSHS_TX_PDF,Cumulative season totals — use _diff_cumulative() for weekly counts.,4
2019,38,Week38,Dallas_TX,"Dallas County, TX",48113,6,6,0,0,0,0,,1,,DSHS_TX_PDF,Cumulative season totals — use _diff_cumulative() for weekly counts.,5
2019,39,Week39,Dallas_TX,"Dallas County, TX",48113,6,6,0,0,0,0,,0,,DSHS_TX_PDF,Cumulative season totals — use _diff_cumulative() for weekly counts.,6
2019,40,Week40,Dallas_TX,"Dallas County, TX",48113,1,6,7,0,0,0,,0,,DSHS_TX_PDF,Cumulative season totals — use _diff_cumulative() for weekly counts.,6
2019,41,Week41,Dallas_TX,"Dallas County, TX",48113,1,7,8,0,0,0,,0,,DSHS_TX_PDF,Cumulative season totals — use _diff_cumulative() for weekly counts.,1
2019,42,Week42,Dallas_TX,"Dallas County, TX",48113,1,7,8,0,0,0,,0,,DSHS_TX_PDF,Cumulative season totals — use _diff_cumulative() for weekly counts.,1
2019,43,Week43,Dallas_TX,"Dallas County, TX",48113,1,8,9,0,0,0,,0,,DSHS_TX_PDF,Cumulative season totals — use _diff_cumulative() for weekly counts.,1
2019,44,Week44,Dallas_TX,"Dallas County, TX",48113,1,9,10,0,0,0,,0,,DSHS_TX_PDF,Cumulative season totals — use _diff_cumulative() for weekly counts.,1
2019,45,Week45,Dallas_TX,"Dallas County, TX",48113,1,9,10,0,0,0,,0,,DSHS_TX_PDF,Cumulative season totals — use _diff_cumulative() for weekly counts.,1
2019,46,Week46,Dallas_TX,"Dallas County, TX",48113,1,9,10,0,0,0,,0,,DSHS_TX_PDF,Cumulative season totals — use _diff_cumulative() for weekly counts.,1
2019,47,Week47,Dallas_TX,"Dallas County, TX",48113,1,9,10,0,0,0,,0,,DSHS_TX_PDF,Cumulative season totals — use _diff_cumulative() for weekly counts.,1
2019,48,Week48,Dallas_TX,"Dallas County, TX",48113,2,9,11,0,0,0,,1,,DSHS_TX_PDF,Cumulative season totals — use _diff_cumulative() for weekly counts.,1
2019,49,Week49,Dallas_TX,"Dallas County, TX",48113,2,10,12,0,0,0,,0,,DSHS_TX_PDF,Cumulative season totals — use _diff_cumulative() for weekly counts.,2
2019,50,Week50,Dallas_TX,"Dallas County, TX",48113,2,11,13,0,0,0,,0,,DSHS_TX_PDF,Cumulative season totals — use _diff_cumulative() for weekly counts.,2
2019,51,Week51,Dallas_TX,"Dallas County, TX",48113,2,11,13,0,0,0,,0,,DSHS_TX_PDF,Cumulative season totals — use _diff_cumulative() for weekly counts.,2
2019,52,Week52,Dallas_TX,"Dallas County, TX",48113,2,11,13,0,0,0,,0,,DSHS_TX_PDF,Cumulative season totals — use _diff_cumulative() for weekly counts.,2
2020,16,Week16,Dallas_TX,"Dallas County, TX",48113,1,0,1,0,0,0,,1,,DSHS_TX_PDF,Cumulative season totals — use _diff_cumulative() for weekly counts.,0
2020,17,Week17,Dallas_TX,"Dallas County, TX",48113,1,0,1,0,0,0,,0,,DSHS_TX_PDF,Cumulative season totals — use _diff_cumulative() for weekly counts.,1
2020,18,Week18,Dallas_TX,"Dallas County, TX",48113,1,0,1,0,0,0,,0,,DSHS_TX_PDF,Cumulative season totals — use _diff_cumulative() for weekly counts.,1
2020,19,Week19,Dallas_TX,"Dallas County, TX",48113,2,0,2,0,0,0,,1,,DSHS_TX_PDF,Cumulative season totals — use _diff_cumulative() for weekly counts.,1
2020,20,Week20,Dallas_TX,"Dallas County, TX",48113,2,0,2,0,0,0,,0,,DSHS_TX_PDF,Cumulative season totals — use _diff_cumulative() for weekly counts.,2
2020,21,Week21,Dallas_TX,"Dallas County, TX",48113,2,0,2,0,0,0,,0,,DSHS_TX_PDF,Cumulative season totals — use _diff_cumulative() for weekly counts.,2
2020,22,Week22,Dallas_TX,"Dallas County, TX",48113,2,0,2,0,0,0,,0,,DSHS_TX_PDF,Cumulative season totals — use _diff_cumulative() for weekly counts.,2
2020,23,Week23,Dallas_TX,"Dallas County, TX",48113,2,0,2,0,0,0,,0,,DSHS_TX_PDF,Cumulative season totals — use _diff_cumulative() for weekly counts.,2
2020,24,Week24,Dallas_TX,"Dallas County, TX",48113,7,0,7,0,0,0,,5,,DSHS_TX_PDF,Cumulative season totals — use _diff_cumulative() for weekly counts.,2
2020,25,Week25,Dallas_TX,"Dallas County, TX",48113,10,0,10,0,0,0,,3,,DSHS_TX_PDF,Cumulative season totals — use _diff_cumulative() for weekly counts.,7
2020,26,Week26,Dallas_TX,"Dallas County, TX",48113,17,0,17,0,0,0,,7,,DSHS_TX_PDF,Cumulative season totals — use _diff_cumulative() for weekly counts.,10
2020,27,Week27,Dallas_TX,"Dallas County, TX",48113,17,0,17,0,0,0,,0,,DSHS_TX_PDF,Cumulative season totals — use _diff_cumulative() for weekly counts.,17
2020,28,Week28,Dallas_TX,"Dallas County, TX",48113,27,0,27,0,0,0,,10,,DSHS_TX_PDF,Cumulative season totals — use _diff_cumulative() for weekly counts.,17
2020,29,Week29,Dallas_TX,"Dallas County, TX",48113,35,0,35,0,0,0,,8,,DSHS_TX_PDF,Cumulative season totals — use _diff_cumulative() for weekly counts.,27
2020,30,Week30,Dallas_TX,"Dallas County, TX",48113,68,0,68,0,0,0,,33,,DSHS_TX_PDF,Cumulative season totals — use _diff_cumulative() for weekly counts.,35
2020,31,Week31,Dallas_TX,"Dallas County, TX",48113,84,0,84,0,0,0,,16,,DSHS_TX_PDF,Cumulative season totals — use _diff_cumulative() for weekly counts.,68
2020,32,Week32,Dallas_TX,"Dallas County, TX",48113,167,1,2,1,168,0,,83,,DSHS_TX_PDF,Cumulative season totals — use _diff_cumulative() for weekly counts.,84
2020,33,Week33,Dallas_TX,"Dallas County, TX",48113,235,1,2,1,236,0,,68,,DSHS_TX_PDF,Cumulative season totals — use _diff_cumulative() for weekly counts.,167
2020,34,Week34,Dallas_TX,"Dallas County, TX",48113,294,1,3,1,295,0,,59,,DSHS_TX_PDF,Cumulative season totals — use _diff_cumulative() for weekly counts.,235
2020,35,Week35,Dallas_TX,"Dallas County, TX",48113,346,1,4,1,347,0,,52,,DSHS_TX_PDF,Cumulative season totals — use _diff_cumulative() for weekly counts.,294
2020,36,Week36,Dallas_TX,"Dallas County, TX",48113,374,1,4,1,375,0,,28,,DSHS_TX_PDF,Cumulative season totals — use _diff_cumulative() for weekly counts.,346
2020,37,Week37,Dallas_TX,"Dallas County, TX",48113,396,1,4,1,397,0,,22,,DSHS_TX_PDF,Cumulative season totals — use _diff_cumulative() for weekly counts.,374
2020,38,Week38,Dallas_TX,"Dallas County, TX",48113,398,5,4,5,403,0,,2,,DSHS_TX_PDF,Cumulative season totals — use _diff_cumulative() for weekly counts.,396
2020,39,Week39,Dallas_TX,"Dallas County, TX",48113,442,2,7,4,9,451,,44,,DSHS_TX_PDF,Cumulative season totals — use _diff_cumulative() for weekly counts.,398
2020,40,Week40,Dallas_TX,"Dallas County, TX",48113,450,4,10,4,14,464,,8,,DSHS_TX_PDF,Cumulative season totals — use _diff_cumulative() for weekly counts.,442
2020,41,Week41,Dallas_TX,"Dallas County, TX",48113,461,4,10,4,14,475,,11,,DSHS_TX_PDF,Cumulative season totals — use _diff_cumulative() for weekly counts.,450
2020,42,Week42,Dallas_TX,"Dallas County, TX",48113,470,4,10,4,14,484,,9,,DSHS_TX_PDF,Cumulative season totals — use _diff_cumulative() for weekly counts.,461
2020,43,Week43,Dallas_TX,"Dallas County, TX",48113,475,5,11,4,16,491,,5,,DSHS_TX_PDF,Cumulative season totals — use _diff_cumulative() for weekly counts.,470
2020,44,Week44,Dallas_TX,"Dallas County, TX",48113,478,5,11,4,16,494,,3,,DSHS_TX_PDF,Cumulative season totals — use _diff_cumulative() for weekly counts.,475
2020,45,Week45,Dallas_TX,"Dallas County, TX",48113,478,5,11,4,16,494,,0,,DSHS_TX_PDF,Cumulative season totals — use _diff_cumulative() for weekly counts.,478
2020,46,Week46,Dallas_TX,"Dallas County, TX",48113,478,5,11,4,16,494,,0,,DSHS_TX_PDF,Cumulative season totals — use _diff_cumulative() for weekly counts.,478
2020,47,Week47,Dallas_TX,"Dallas County, TX",48113,481,5,13,4,18,499,,3,,DSHS_TX_PDF,Cumulative season totals — use _diff_cumulative() for weekly counts.,478
2020,48,Week48,Dallas_TX,"Dallas County, TX",48113,481,5,13,4,18,499,,0,,DSHS_TX_PDF,Cumulative season totals — use _diff_cumulative() for weekly counts.,481
2020,49,Week49,Dallas_TX,"Dallas County, TX",48113,481,5,13,4,18,499,,0,,DSHS_TX_PDF,Cumulative season totals — use _diff_cumulative() for weekly counts.,481
2020,50,Week50,Dallas_TX,"Dallas County, TX",48113,481,5,13,4,18,499,,0,,DSHS_TX_PDF,Cumulative season totals — use _diff_cumulative() for weekly counts.,481
2020,51,Week51,Dallas_TX,"Dallas County, TX",48113,481,5,13,4,18,499,,0,,DSHS_TX_PDF,Cumulative season totals — use _diff_cumulative() for weekly counts.,481
2020,52,Week52,Dallas_TX,"Dallas County, TX",48113,1,1,0,0,0,0,,0,,DSHS_TX_PDF,Cumulative season totals — use _diff_cumulative() for weekly counts.,481
2020,53,Week53,Dallas_TX,"Dallas County, TX",48113,1,1,0,0,0,0,,0,,DSHS_TX_PDF,Cumulative season totals — use _diff_cumulative() for weekly counts.,1
2021,20,Week20,Dallas_TX,"Dallas County, TX",48113,1,0,0,0,0,0,,1,,DSHS_TX_PDF,Cumulative season totals — use _diff_cumulative() for weekly counts.,0
2021,21,Week21,Dallas_TX,"Dallas County, TX",48113,1,0,0,0,0,0,,0,,DSHS_TX_PDF,Cumulative season totals — use _diff_cumulative() for weekly counts.,1
2021,22,Week22,Dallas_TX,"Dallas County, TX",48113,5,0,0,0,0,0,,4,,DSHS_TX_PDF,Cumulative season totals — use _diff_cumulative() for weekly counts.,1
2021,23,Week23,Dallas_TX,"Dallas County, TX",48113,8,0,0,0,0,0,,3,,DSHS_TX_PDF,Cumulative season totals — use _diff_cumulative() for weekly counts.,5
2021,24,Week24,Dallas_TX,"Dallas County, TX",48113,10,0,0,0,0,0,,2,,DSHS_TX_PDF,Cumulative season totals — use _diff_cumulative() for weekly counts.,8
2021,25,Week25,Dallas_TX,"Dallas County, TX",48113,14,0,0,0,0,0,,4,,DSHS_TX_PDF,Cumulative season totals — use _diff_cumulative() for weekly counts.,10
2021,26,Week26,Dallas_TX,"Dallas County, TX",48113,19,0,0,0,0,0,,5,,DSHS_TX_PDF,Cumulative season totals — use _diff_cumulative() for weekly counts.,14
2021,27,Week27,Dallas_TX,"Dallas County, TX",48113,20,0,0,0,0,0,,1,,DSHS_TX_PDF,Cumulative season totals — use _diff_cumulative() for weekly counts.,19
2021,28,Week28,Dallas_TX,"Dallas County, TX",48113,38,0,0,0,0,0,,18,,DSHS_TX_PDF,Cumulative season totals — use _diff_cumulative() for weekly counts.,20
2021,29,Week29,Dallas_TX,"Dallas County, TX",48113,55,1,1,0,0,0,,17,,DSHS_TX_PDF,Cumulative season totals — use _diff_cumulative() for weekly counts.,38
2021,30,Week30,Dallas_TX,"Dallas County, TX",48113,95,1,1,0,0,0,,40,,DSHS_TX_PDF,Cumulative season totals — use _diff_cumulative() for weekly counts.,55
2021,31,Week31,Dallas_TX,"Dallas County, TX",48113,129,1,1,1,0,0,,34,,DSHS_TX_PDF,Cumulative season totals — use _diff_cumulative() for weekly counts.,95
2021,32,Week32,Dallas_TX,"Dallas County, TX",48113,157,4,1,4,0,0,,28,,DSHS_TX_PDF,Cumulative season totals — use _diff_cumulative() for weekly counts.,129
2021,33,Week33,Dallas_TX,"Dallas County, TX",48113,203,1,6,1,7,0,,46,,DSHS_TX_PDF,Cumulative season totals — use _diff_cumulative() for weekly counts.,157
2021,34,Week34,Dallas_TX,"Dallas County, TX",48113,222,1,6,1,7,0,,19,,DSHS_TX_PDF,Cumulative season totals — use _diff_cumulative() for weekly counts.,203
2021,35,Week35,Dallas_TX,"Dallas County, TX",48113,250,1,7,2,8,0,,28,,DSHS_TX_PDF,Cumulative season totals — use _diff_cumulative() for weekly counts.,222
2021,36,Week36,Dallas_TX,"Dallas County, TX",48113,275,1,8,2,9,0,,25,,DSHS_TX_PDF,Cumulative season totals — use _diff_cumulative() for weekly counts.,250
2021,37,Week37,Dallas_TX,"Dallas County, TX",48113,298,1,10,2,11,0,,23,,DSHS_TX_PDF,Cumulative season totals — use _diff_cumulative() for weekly counts.,275
2021,38,Week38,Dallas_TX,"Dallas County, TX",48113,318,1,10,2,11,0,,20,,DSHS_TX_PDF,Cumulative season totals — use _diff_cumulative() for weekly counts.,298
2021,39,Week39,Dallas_TX,"Dallas County, TX",48113,322,3,11,2,14,0,,4,,DSHS_TX_PDF,Cumulative season totals — use _diff_cumulative() for weekly counts.,318
2021,40,Week40,Dallas_TX,"Dallas County, TX",48113,331,3,12,2,15,0,,9,,DSHS_TX_PDF,Cumulative season totals — use _diff_cumulative() for weekly counts.,322
2021,41,Week41,Dallas_TX,"Dallas County, TX",48113,336,3,13,2,16,0,,5,,DSHS_TX_PDF,Cumulative season totals — use _diff_cumulative() for weekly counts.,331
2021,42,Week42,Dallas_TX,"Dallas County, TX",48113,336,3,14,2,17,0,,0,,DSHS_TX_PDF,Cumulative season totals — use _diff_cumulative() for weekly counts.,336
2021,43,Week43,Dallas_TX,"Dallas County, TX",48113,342,3,16,2,19,0,,6,,DSHS_TX_PDF,Cumulative season totals — use _diff_cumulative() for weekly counts.,336
2021,44,Week44,Dallas_TX,"Dallas County, TX",48113,342,3,16,3,19,0,,0,,DSHS_TX_PDF,Cumulative season totals — use _diff_cumulative() for weekly counts.,342
2021,45,Week45,Dallas_TX,"Dallas County, TX",48113,342,3,16,3,19,0,,0,,DSHS_TX_PDF,Cumulative season totals — use _diff_cumulative() for weekly counts.,342
2021,46,Week46,Dallas_TX,"Dallas County, TX",48113,342,3,18,3,21,0,,0,,DSHS_TX_PDF,Cumulative season totals — use _diff_cumulative() for weekly counts.,342
2021,47,Week47,Dallas_TX,"Dallas County, TX",48113,342,3,18,3,21,0,,0,,DSHS_TX_PDF,Cumulative season totals — use _diff_cumulative() for weekly counts.,342
2021,48,Week48,Dallas_TX,"Dallas County, TX",48113,342,3,18,3,21,0,,0,,DSHS_TX_PDF,Cumulative season totals — use _diff_cumulative() for weekly counts.,342
2021,49,Week49,Dallas_TX,"Dallas County, TX",48113,342,3,18,3,21,0,,0,,DSHS_TX_PDF,Cumulative season totals — use _diff_cumulative() for weekly counts.,342
2021,50,Week50,Dallas_TX,"Dallas County, TX",48113,342,3,18,3,21,0,,0,,DSHS_TX_PDF,Cumulative season totals — use _diff_cumulative() for weekly counts.,342
2021,51,Week51,Dallas_TX,"Dallas County, TX",48113,1,0,0,0,0,0,,0,,DSHS_TX_PDF,Cumulative season totals — use _diff_cumulative() for weekly counts.,342
2021,52,Week52,Dallas_TX,"Dallas County, TX",48113,1,0,0,0,0,0,,0,,DSHS_TX_PDF,Cumulative season totals — use _diff_cumulative() for weekly counts.,1
2021,53,Week53,Dallas_TX,"Dallas County, TX",48113,1,1,0,0,0,0,,0,,DSHS_TX_PDF,Cumulative season totals — use _diff_cumulative() for weekly counts.,1
2022,0,Week00,Dallas_TX,"Dallas County, TX",48113,11,0,0,0,0,0,,11,,DSHS_TX_PDF,Cumulative season totals — use _diff_cumulative() for weekly counts.,0
2022,0,Week00,Dallas_TX,"Dallas County, TX",48113,11,0,0,0,0,0,,0,,DSHS_TX_PDF,Cumulative season totals — use _diff_cumulative() for weekly counts.,11
2022,0,Week00,Dallas_TX,"Dallas County, TX",48113,10,0,0,0,0,0,,0,,DSHS_TX_PDF,Cumulative season totals — use _diff_cumulative() for weekly counts.,11
2022,0,Week00,Dallas_TX,"Dallas County, TX",48113,9,0,0,0,0,0,,0,,DSHS_TX_PDF,Cumulative season totals — use _diff_cumulative() for weekly counts.,10
2022,0,Week00,Dallas_TX,"Dallas County, TX",48113,9,0,0,0,0,0,,0,,DSHS_TX_PDF,Cumulative season totals — use _diff_cumulative() for weekly counts.,9
2022,0,Week00,Dallas_TX,"Dallas County, TX",48113,9,0,0,0,0,0,,0,,DSHS_TX_PDF,Cumulative season totals — use _diff_cumulative() for weekly counts.,9
2022,0,Week00,Dallas_TX,"Dallas County, TX",48113,7,0,0,0,0,0,,0,,DSHS_TX_PDF,Cumulative season totals — use _diff_cumulative() for weekly counts.,9
2022,0,Week00,Dallas_TX,"Dallas County, TX",48113,7,0,0,0,0,0,,0,,DSHS_TX_PDF,Cumulative season totals — use _diff_cumulative() for weekly counts.,7
2022,0,Week00,Dallas_TX,"Dallas County, TX",48113,7,0,0,0,0,0,,0,,DSHS_TX_PDF,Cumulative season totals — use _diff_cumulative() for weekly counts.,7
2022,0,Week00,Dallas_TX,"Dallas County, TX",48113,7,0,0,0,0,0,,0,,DSHS_TX_PDF,Cumulative season totals — use _diff_cumulative() for weekly counts.,7
2022,0,Week00,Dallas_TX,"Dallas County, TX",48113,7,0,0,0,0,0,,0,,DSHS_TX_PDF,Cumulative season totals — use _diff_cumulative() for weekly counts.,7
2022,0,Week00,Dallas_TX,"Dallas County, TX",48113,6,0,0,0,0,0,,0,,DSHS_TX_PDF,Cumulative season totals — use _diff_cumulative() for weekly counts.,7
2022,0,Week00,Dallas_TX,"Dallas County, TX",48113,6,0,0,0,0,0,,0,,DSHS_TX_PDF,Cumulative season totals — use _diff_cumulative() for weekly counts.,6
2022,0,Week00,Dallas_TX,"Dallas County, TX",48113,6,0,0,0,0,0,,0,,DSHS_TX_PDF,Cumulative season totals — use _diff_cumulative() for weekly counts.,6
2022,14,Week14,Dallas_TX,"Dallas County, TX",48113,0,1,1,0,0,0,,0,,DSHS_TX_PDF,Cumulative season totals — use _diff_cumulative() for weekly counts.,6
2022,15,Week15,Dallas_TX,"Dallas County, TX",48113,0,1,1,0,0,0,,0,,DSHS_TX_PDF,Cumulative season totals — use _diff_cumulative() for weekly counts.,0
2022,16,Week16,Dallas_TX,"Dallas County, TX",48113,1,0,0,0,0,0,,1,,DSHS_TX_PDF,Cumulative season totals — use _diff_cumulative() for weekly counts.,0
2022,17,Week17,Dallas_TX,"Dallas County, TX",48113,1,0,0,0,0,0,,0,,DSHS_TX_PDF,Cumulative season totals — use _diff_cumulative() for weekly counts.,1
2022,18,Week18,Dallas_TX,"Dallas County, TX",48113,1,0,0,0,0,0,,0,,DSHS_TX_PDF,Cumulative season totals — use _diff_cumulative() for weekly counts.,1
2022,19,Week19,Dallas_TX,"Dallas County, TX",48113,1,0,0,0,0,0,,0,,DSHS_TX_PDF,Cumulative season totals — use _diff_cumulative() for weekly counts.,1
2022,20,Week20,Dallas_TX,"Dallas County, TX",48113,1,0,0,0,0,0,,0,,DSHS_TX_PDF,Cumulative season totals — use _diff_cumulative() for weekly counts.,1
2022,21,Week21,Dallas_TX,"Dallas County, TX",48113,1,0,0,0,0,0,,0,,DSHS_TX_PDF,Cumulative season totals — use _diff_cumulative() for weekly counts.,1
2022,22,Week22,Dallas_TX,"Dallas County, TX",48113,2,0,0,0,0,0,,1,,DSHS_TX_PDF,Cumulative season totals — use _diff_cumulative() for weekly counts.,1
2022,23,Week23,Dallas_TX,"Dallas County, TX",48113,2,0,0,0,0,0,,0,,DSHS_TX_PDF,Cumulative season totals — use _diff_cumulative() for weekly counts.,2
2022,24,Week24,Dallas_TX,"Dallas County, TX",48113,2,0,0,0,0,0,,0,,DSHS_TX_PDF,Cumulative season totals — use _diff_cumulative() for weekly counts.,2
2022,25,Week25,Dallas_TX,"Dallas County, TX",48113,2,0,0,0,0,0,,0,,DSHS_TX_PDF,Cumulative season totals — use _diff_cumulative() for weekly counts.,2
2022,26,Week26,Dallas_TX,"Dallas County, TX",48113,2,0,0,0,0,0,,0,,DSHS_TX_PDF,Cumulative season totals — use _diff_cumulative() for weekly counts.,2
2022,27,Week27,Dallas_TX,"Dallas County, TX",48113,2,0,0,0,0,0,,0,,DSHS_TX_PDF,Cumulative season totals — use _diff_cumulative() for weekly counts.,2
2022,28,Week28,Dallas_TX,"Dallas County, TX",48113,2,0,0,0,0,0,,0,,DSHS_TX_PDF,Cumulative season totals — use _diff_cumulative() for weekly counts.,2
2022,29,Week29,Dallas_TX,"Dallas County, TX",48113,2,0,0,0,0,0,,0,,DSHS_TX_PDF,Cumulative season totals — use _diff_cumulative() for weekly counts.,2
2022,30,Week30,Dallas_TX,"Dallas County, TX",48113,2,0,0,0,0,0,,0,,DSHS_TX_PDF,Cumulative season totals — use _diff_cumulative() for weekly counts.,2
2022,31,Week31,Dallas_TX,"Dallas County, TX",48113,2,0,0,0,0,0,,0,,DSHS_TX_PDF,Cumulative season totals — use _diff_cumulative() for weekly counts.,2
2022,32,Week32,Dallas_TX,"Dallas County, TX",48113,2,0,0,0,0,0,,0,,DSHS_TX_PDF,Cumulative season totals — use _diff_cumulative() for weekly counts.,2
2022,33,Week33,Dallas_TX,"Dallas County, TX",48113,3,0,0,0,0,0,,1,,DSHS_TX_PDF,Cumulative season totals — use _diff_cumulative() for weekly counts.,2
2022,34,Week34,Dallas_TX,"Dallas County, TX",48113,3,0,0,0,0,0,,0,,DSHS_TX_PDF,Cumulative season totals — use _diff_cumulative() for weekly counts.,3
2022,35,Week35,Dallas_TX,"Dallas County, TX",48113,4,0,0,0,0,0,,1,,DSHS_TX_PDF,Cumulative season totals — use _diff_cumulative() for weekly counts.,3
2022,36,Week36,Dallas_TX,"Dallas County, TX",48113,6,0,0,0,0,0,,2,,DSHS_TX_PDF,Cumulative season totals — use _diff_cumulative() for weekly counts.,4
2022,37,Week37,Dallas_TX,"Dallas County, TX",48113,6,0,0,0,0,0,,0,,DSHS_TX_PDF,Cumulative season totals — use _diff_cumulative() for weekly counts.,6
2022,38,Week38,Dallas_TX,"Dallas County, TX",48113,6,0,0,0,0,0,,0,,DSHS_TX_PDF,Cumulative season totals — use _diff_cumulative() for weekly counts.,6
2022,52,Week52,Dallas_TX,"Dallas County, TX",48113,1,0,0,0,0,0,,0,,DSHS_TX_PDF,Cumulative season totals — use _diff_cumulative() for weekly counts.,6
2023,23,Week23,Dallas_TX,"Dallas County, TX",48113,2,0,0,0,0,0,,2,,DSHS_TX_PDF,Cumulative season totals — use _diff_cumulative() for weekly counts.,0
2023,24,Week24,Dallas_TX,"Dallas County, TX",48113,13,0,0,0,0,0,,11,,DSHS_TX_PDF,Cumulative season totals — use _diff_cumulative() for weekly counts.,2
2023,25,Week25,Dallas_TX,"Dallas County, TX",48113,16,0,0,0,0,0,,3,,DSHS_TX_PDF,Cumulative season totals — use _diff_cumulative() for weekly counts.,13
2023,26,Week26,Dallas_TX,"Dallas County, TX",48113,34,0,0,0,0,0,,18,,DSHS_TX_PDF,Cumulative season totals — use _diff_cumulative() for weekly counts.,16
2023,27,Week27,Dallas_TX,"Dallas County, TX",48113,48,0,0,0,0,0,,14,,DSHS_TX_PDF,Cumulative season totals — use _diff_cumulative() for weekly counts.,34
2023,28,Week28,Dallas_TX,"Dallas County, TX",48113,78,1,1,0,0,0,,30,,DSHS_TX_PDF,Cumulative season totals — use _diff_cumulative() for weekly counts.,48
2023,29,Week29,Dallas_TX,"Dallas County, TX",48113,113,1,1,0,0,0,,35,,DSHS_TX_PDF,Cumulative season totals — use _diff_cumulative() for weekly counts.,78
2023,30,Week30,Dallas_TX,"Dallas County, TX",48113,138,1,2,3,0,0,,25,,DSHS_TX_PDF,Cumulative season totals — use _diff_cumulative() for weekly counts.,113
2023,31,Week31,Dallas_TX,"Dallas County, TX",48113,164,1,4,5,0,0,,26,,DSHS_TX_PDF,Cumulative season totals — use _diff_cumulative() for weekly counts.,138
2023,32,Week32,Dallas_TX,"Dallas County, TX",48113,169,2,5,7,0,0,,5,,DSHS_TX_PDF,Cumulative season totals — use _diff_cumulative() for weekly counts.,164
2023,33,Week33,Dallas_TX,"Dallas County, TX",48113,177,2,5,1,7,0,,8,,DSHS_TX_PDF,Cumulative season totals — use _diff_cumulative() for weekly counts.,169
2023,34,Week34,Dallas_TX,"Dallas County, TX",48113,183,2,6,1,8,0,,6,,DSHS_TX_PDF,Cumulative season totals — use _diff_cumulative() for weekly counts.,177
2023,35,Week35,Dallas_TX,"Dallas County, TX",48113,189,2,6,1,8,0,,6,,DSHS_TX_PDF,Cumulative season totals — use _diff_cumulative() for weekly counts.,183
2023,36,Week36,Dallas_TX,"Dallas County, TX",48113,190,2,6,1,8,0,,1,,DSHS_TX_PDF,Cumulative season totals — use _diff_cumulative() for weekly counts.,189
2023,37,Week37,Dallas_TX,"Dallas County, TX",48113,191,3,7,1,10,0,,1,,DSHS_TX_PDF,Cumulative season totals — use _diff_cumulative() for weekly counts.,190
2023,38,Week38,Dallas_TX,"Dallas County, TX",48113,194,3,12,1,15,0,,3,,DSHS_TX_PDF,Cumulative season totals — use _diff_cumulative() for weekly counts.,191
2023,39,Week39,Dallas_TX,"Dallas County, TX",48113,194,3,13,1,16,0,,0,,DSHS_TX_PDF,Cumulative season totals — use _diff_cumulative() for weekly counts.,194
2023,40,Week40,Dallas_TX,"Dallas County, TX",48113,203,3,14,1,17,0,,9,,DSHS_TX_PDF,Cumulative season totals — use _diff_cumulative() for weekly counts.,194
2023,41,Week41,Dallas_TX,"Dallas County, TX",48113,204,4,14,1,18,0,,1,,DSHS_TX_PDF,Cumulative season totals — use _diff_cumulative() for weekly counts.,203
2023,42,Week42,Dallas_TX,"Dallas County, TX",48113,210,5,14,1,19,0,,6,,DSHS_TX_PDF,Cumulative season totals — use _diff_cumulative() for weekly counts.,204
2023,43,Week43,Dallas_TX,"Dallas County, TX",48113,213,5,14,1,19,0,,3,,DSHS_TX_PDF,Cumulative season totals — use _diff_cumulative() for weekly counts.,210
2023,44,Week44,Dallas_TX,"Dallas County, TX",48113,213,6,14,1,20,0,,0,,DSHS_TX_PDF,Cumulative season totals — use _diff_cumulative() for weekly counts.,213
2023,45,Week45,Dallas_TX,"Dallas County, TX",48113,214,6,14,1,20,0,,1,,DSHS_TX_PDF,Cumulative season totals — use _diff_cumulative() for weekly counts.,213
2023,46,Week46,Dallas_TX,"Dallas County, TX",48113,214,6,14,1,20,0,,0,,DSHS_TX_PDF,Cumulative season totals — use _diff_cumulative() for weekly counts.,214
2023,47,Week47,Dallas_TX,"Dallas County, TX",48113,214,6,14,1,20,0,,0,,DSHS_TX_PDF,Cumulative season totals — use _diff_cumulative() for weekly counts.,214
2023,48,Week48,Dallas_TX,"Dallas County, TX",48113,214,6,14,1,20,0,,0,,DSHS_TX_PDF,Cumulative season totals — use _diff_cumulative() for weekly counts.,214
2023,49,Week49,Dallas_TX,"Dallas County, TX",48113,214,6,14,1,20,0,,0,,DSHS_TX_PDF,Cumulative season totals — use _diff_cumulative() for weekly counts.,214
2023,50,Week50,Dallas_TX,"Dallas County, TX",48113,214,6,14,1,20,0,,0,,DSHS_TX_PDF,Cumulative season totals — use _diff_cumulative() for weekly counts.,214
2023,51,Week51,Dallas_TX,"Dallas County, TX",48113,214,6,14,1,20,0,,0,,DSHS_TX_PDF,Cumulative season totals — use _diff_cumulative() for weekly counts.,214
2023,52,Week52,Dallas_TX,"Dallas County, TX",48113,214,6,14,1,20,0,,0,,DSHS_TX_PDF,Cumulative season totals — use _diff_cumulative() for weekly counts.,214
2024,0,Week00,Dallas_TX,"Dallas County, TX",48113,1,9,0,0,0,0,,1,,DSHS_TX_PDF,Cumulative season totals — use _diff_cumulative() for weekly counts.,0
2024,0,Week00,Dallas_TX,"Dallas County, TX",48113,3,0,0,0,0,0,,2,,DSHS_TX_PDF,Cumulative season totals — use _diff_cumulative() for weekly counts.,1
2024,23,Week23,Dallas_TX,"Dallas County, TX",48113,7,0,0,0,0,0,,4,,DSHS_TX_PDF,Cumulative season totals — use _diff_cumulative() for weekly counts.,3
2024,24,Week24,Dallas_TX,"Dallas County, TX",48113,7,0,0,0,0,0,,0,,DSHS_TX_PDF,Cumulative season totals — use _diff_cumulative() for weekly counts.,7
2024,25,Week25,Dallas_TX,"Dallas County, TX",48113,43,0,0,0,0,0,,36,,DSHS_TX_PDF,Cumulative season totals — use _diff_cumulative() for weekly counts.,7
2024,26,Week26,Dallas_TX,"Dallas County, TX",48113,1,0,0,0,0,0,,0,,DSHS_TX_PDF,Cumulative season totals — use _diff_cumulative() for weekly counts.,43
2024,27,Week27,Dallas_TX,"Dallas County, TX",48113,2,0,0,0,0,0,,1,,DSHS_TX_PDF,Cumulative season totals — use _diff_cumulative() for weekly counts.,1
2024,28,Week28,Dallas_TX,"Dallas County, TX",48113,3,0,0,0,0,0,,1,,DSHS_TX_PDF,Cumulative season totals — use _diff_cumulative() for weekly counts.,2
2024,29,Week29,Dallas_TX,"Dallas County, TX",48113,3,0,0,0,0,0,,0,,DSHS_TX_PDF,Cumulative season totals — use _diff_cumulative() for weekly counts.,3
2024,30,Week30,Dallas_TX,"Dallas County, TX",48113,3,0,0,0,0,0,,0,,DSHS_TX_PDF,Cumulative season totals — use _diff_cumulative() for weekly counts.,3
2024,32,Week32,Dallas_TX,"Dallas County, TX",48113,3,0,0,0,0,0,,0,,DSHS_TX_PDF,Cumulative season totals — use _diff_cumulative() for weekly counts.,3
2024,33,Week33,Dallas_TX,"Dallas County, TX",48113,1,5,0,0,0,0,,0,,DSHS_TX_PDF,Cumulative season totals — use _diff_cumulative() for weekly counts.,3
2024,34,Week34,Dallas_TX,"Dallas County, TX",48113,1,5,0,0,0,0,,0,,DSHS_TX_PDF,Cumulative season totals — use _diff_cumulative() for weekly counts.,1
2024,35,Week35,Dallas_TX,"Dallas County, TX",48113,1,5,0,0,0,0,,0,,DSHS_TX_PDF,Cumulative season totals — use _diff_cumulative() for weekly counts.,1
2024,36,Week36,Dallas_TX,"Dallas County, TX",48113,1,5,0,0,0,0,,0,,DSHS_TX_PDF,Cumulative season totals — use _diff_cumulative() for weekly counts.,1
2024,37,Week37,Dallas_TX,"Dallas County, TX",48113,1,5,0,0,0,0,,0,,DSHS_TX_PDF,Cumulative season totals — use _diff_cumulative() for weekly counts.,1
2024,38,Week38,Dallas_TX,"Dallas County, TX",48113,1,5,0,0,0,0,,0,,DSHS_TX_PDF,Cumulative season totals — use _diff_cumulative() for weekly counts.,1
2024,39,Week39,Dallas_TX,"Dallas County, TX",48113,1,6,0,0,0,0,,0,,DSHS_TX_PDF,Cumulative season totals — use _diff_cumulative() for weekly counts.,1
2024,40,Week40,Dallas_TX,"Dallas County, TX",48113,1,6,0,0,0,0,,0,,DSHS_TX_PDF,Cumulative season totals — use _diff_cumulative() for weekly counts.,1
2024,41,Week41,Dallas_TX,"Dallas County, TX",48113,1,8,0,0,0,0,,0,,DSHS_TX_PDF,Cumulative season totals — use _diff_cumulative() for weekly counts.,1
2024,43,Week43,Dallas_TX,"Dallas County, TX",48113,1,9,0,0,0,0,,0,,DSHS_TX_PDF,Cumulative season totals — use _diff_cumulative() for weekly counts.,1
2024,44,Week44,Dallas_TX,"Dallas County, TX",48113,1,9,0,0,0,0,,0,,DSHS_TX_PDF,Cumulative season totals — use _diff_cumulative() for weekly counts.,1
2024,45,Week45,Dallas_TX,"Dallas County, TX",48113,2,13,0,0,0,0,,1,,DSHS_TX_PDF,Cumulative season totals — use _diff_cumulative() for weekly counts.,1
2024,46,Week46,Dallas_TX,"Dallas County, TX",48113,3,13,0,0,0,0,,1,,DSHS_TX_PDF,Cumulative season totals — use _diff_cumulative() for weekly counts.,2
2024,47,Week47,Dallas_TX,"Dallas County, TX",48113,5,13,0,0,0,0,,2,,DSHS_TX_PDF,Cumulative season totals — use _diff_cumulative() for weekly counts.,3
2024,48,Week48,Dallas_TX,"Dallas County, TX",48113,5,16,0,0,0,0,,0,,DSHS_TX_PDF,Cumulative season totals — use _diff_cumulative() for weekly counts.,5
2024,49,Week49,Dallas_TX,"Dallas County, TX",48113,5,16,0,0,0,0,,0,,DSHS_TX_PDF,Cumulative season totals — use _diff_cumulative() for weekly counts.,5
2024,50,Week50,Dallas_TX,"Dallas County, TX",48113,6,19,0,0,0,0,,1,,DSHS_TX_PDF,Cumulative season totals — use _diff_cumulative() for weekly counts.,5
2024,51,Week51,Dallas_TX,"Dallas County, TX",48113,6,19,0,0,0,0,,0,,DSHS_TX_PDF,Cumulative season totals — use _diff_cumulative() for weekly counts.,6
2024,52,Week52,Dallas_TX,"Dallas County, TX",48113,6,19,0,0,0,0,,0,,DSHS_TX_PDF,Cumulative season totals — use _diff_cumulative() for weekly counts.,6
2025,19,Week19,Dallas_TX,"Dallas County, TX",48113,1,0,0,0,0,0,,1,,DSHS_TX_PDF,Cumulative season totals — use _diff_cumulative() for weekly counts.,0
2025,20,Week20,Dallas_TX,"Dallas County, TX",48113,1,0,0,0,0,0,,0,,DSHS_TX_PDF,Cumulative season totals — use _diff_cumulative() for weekly counts.,1
2025,21,Week21,Dallas_TX,"Dallas County, TX",48113,1,0,0,0,0,0,,0,,DSHS_TX_PDF,Cumulative season totals — use _diff_cumulative() for weekly counts.,1
2025,22,Week22,Dallas_TX,"Dallas County, TX",48113,1,0,0,0,0,0,,0,,DSHS_TX_PDF,Cumulative season totals — use _diff_cumulative() for weekly counts.,1
2025,23,Week23,Dallas_TX,"Dallas County, TX",48113,1,0,0,0,0,0,,0,,DSHS_TX_PDF,Cumulative season totals — use _diff_cumulative() for weekly counts.,1
2025,24,Week24,Dallas_TX,"Dallas County, TX",48113,1,0,0,0,0,0,,0,,DSHS_TX_PDF,Cumulative season totals — use _diff_cumulative() for weekly counts.,1
2025,25,Week25,Dallas_TX,"Dallas County, TX",48113,1,0,0,0,0,0,,0,,DSHS_TX_PDF,Cumulative season totals — use _diff_cumulative() for weekly counts.,1
2025,26,Week26,Dallas_TX,"Dallas County, TX",48113,1,0,0,0,0,0,,0,,DSHS_TX_PDF,Cumulative season totals — use _diff_cumulative() for weekly counts.,1
2025,27,Week27,Dallas_TX,"Dallas County, TX",48113,1,0,0,0,0,0,,0,,DSHS_TX_PDF,Cumulative season totals — use _diff_cumulative() for weekly counts.,1
2025,28,Week28,Dallas_TX,"Dallas County, TX",48113,1,0,0,0,0,0,,0,,DSHS_TX_PDF,Cumulative season totals — use _diff_cumulative() for weekly counts.,1
2025,29,Week29,Dallas_TX,"Dallas County, TX",48113,1,0,0,0,0,0,,0,,DSHS_TX_PDF,Cumulative season totals — use _diff_cumulative() for weekly counts.,1
2025,30,Week30,Dallas_TX,"Dallas County, TX",48113,1,0,0,0,0,0,,0,,DSHS_TX_PDF,Cumulative season totals — use _diff_cumulative() for weekly counts.,1
2025,31,Week31,Dallas_TX,"Dallas County, TX",48113,2,0,0,0,0,0,,1,,DSHS_TX_PDF,Cumulative season totals — use _diff_cumulative() for weekly counts.,1
2025,32,Week32,Dallas_TX,"Dallas County, TX",48113,3,0,0,0,0,0,,1,,DSHS_TX_PDF,Cumulative season totals — use _diff_cumulative() for weekly counts.,2
2025,33,Week33,Dallas_TX,"Dallas County, TX",48113,3,0,0,0,0,0,,0,,DSHS_TX_PDF,Cumulative season totals — use _diff_cumulative() for weekly counts.,3
2025,34,Week34,Dallas_TX,"Dallas County, TX",48113,3,0,0,0,0,0,,0,,DSHS_TX_PDF,Cumulative season totals — use _diff_cumulative() for weekly counts.,3
2025,35,Week35,Dallas_TX,"Dallas County, TX",48113,3,0,0,0,0,0,,0,,DSHS_TX_PDF,Cumulative season totals — use _diff_cumulative() for weekly counts.,3
2025,36,Week36,Dallas_TX,"Dallas County, TX",48113,3,0,0,0,0,0,,0,,DSHS_TX_PDF,Cumulative season totals — use _diff_cumulative() for weekly counts.,3
2025,37,Week37,Dallas_TX,"Dallas County, TX",48113,3,0,0,0,0,0,,0,,DSHS_TX_PDF,Cumulative season totals — use _diff_cumulative() for weekly counts.,3
2025,38,Week38,Dallas_TX,"Dallas County, TX",48113,3,0,0,0,0,0,,0,,DSHS_TX_PDF,Cumulative season totals — use _diff_cumulative() for weekly counts.,3
2025,39,Week39,Dallas_TX,"Dallas County, TX",48113,4,0,0,0,0,0,,1,,DSHS_TX_PDF,Cumulative season totals — use _diff_cumulative() for weekly counts.,3
2025,40,Week40,Dallas_TX,"Dallas County, TX",48113,4,0,0,0,0,0,,0,,DSHS_TX_PDF,Cumulative season totals — use _diff_cumulative() for weekly counts.,4
2025,41,Week41,Dallas_TX,"Dallas County, TX",48113,4,0,0,0,0,0,,0,,DSHS_TX_PDF,Cumulative season totals — use _diff_cumulative() for weekly counts.,4
2025,42,Week42,Dallas_TX,"Dallas County, TX",48113,4,0,0,0,0,0,,0,,DSHS_TX_PDF,Cumulative season totals — use _diff_cumulative() for weekly counts.,4
2025,43,Week43,Dallas_TX,"Dallas County, TX",48113,4,0,0,0,0,0,,0,,DSHS_TX_PDF,Cumulative season totals — use _diff_cumulative() for weekly counts.,4
2025,44,Week44,Dallas_TX,"Dallas County, TX",48113,4,0,0,0,0,0,,0,,DSHS_TX_PDF,Cumulative season totals — use _diff_cumulative() for weekly counts.,4
2025,45,Week45,Dallas_TX,"Dallas County, TX",48113,4,0,0,0,0,0,,0,,DSHS_TX_PDF,Cumulative season totals — use _diff_cumulative() for weekly counts.,4
2025,46,Week46,Dallas_TX,"Dallas County, TX",48113,4,0,0,0,0,0,,0,,DSHS_TX_PDF,Cumulative season totals — use _diff_cumulative() for weekly counts.,4
2025,47,Week47,Dallas_TX,"Dallas County, TX",48113,5,0,0,0,0,0,,1,,DSHS_TX_PDF,Cumulative season totals — use _diff_cumulative() for weekly counts.,4
2025,48,Week48,Dallas_TX,"Dallas County, TX",48113,5,0,0,0,0,0,,0,,DSHS_TX_PDF,Cumulative season totals — use _diff_cumulative() for weekly counts.,5
2025,49,Week49,Dallas_TX,"Dallas County, TX",48113,5,0,0,0,0,0,,0,,DSHS_TX_PDF,Cumulative season totals — use _diff_cumulative() for weekly counts.,5
2025,50,Week50,Dallas_TX,"Dallas County, TX",48113,2,5,0,0,0,0,,0,,DSHS_TX_PDF,Cumulative season totals — use _diff_cumulative() for weekly counts.,5
2025,51,Week51,Dallas_TX,"Dallas County, TX",48113,2,5,0,0,0,0,,0,,DSHS_TX_PDF,Cumulative season totals — use _diff_cumulative() for weekly counts.,2
2025,52,Week52,Dallas_TX,"Dallas County, TX",48113,2,5,0,0,0,0,,0,,DSHS_TX_PDF,Cumulative season totals — use _diff_cumulative() for weekly counts.,2
2025,53,Week53,Dallas_TX,"Dallas County, TX",48113,2,5,0,0,0,0,,0,,DSHS_TX_PDF,Cumulative season totals — use _diff_cumulative() for weekly counts.,2
2026,53,Week53,Dallas_TX,"Dallas County, TX",48113,2,5,0,0,0,0,,2,,DSHS_TX_PDF,Cumulative season totals — use _diff_cumulative() for weekly counts.,0
